customer_id,current_income,emi_amount,credit_limit,credit_utilization,income_drop_pct,balance_drop_pct,emi_to_income_ratio,failed_autodebit,discretionary_spend_drop,default_next_30_days
1,35397.871068459404,5860,153694,0.7348734651630104,0.2512831020052885,0.37003641331815906,0.16554667902673506,2,0.5921266556524377,1
2,52341.88618506922,5189,179981,0.7646949954000042,0.3937990334857407,0.5125922253933408,0.0991366643084442,2,0.5266084230952957,1
3,95103.31652324925,16653,290181,0.28263346953150126,-0.055007100863306686,0.2283319760609373,0.1751043034963871,0,0.0031272813482387863,0
4,24295.845092617554,26847,243664,0.7298985614845754,0.27509557418550906,0.21912131965618947,1.1050037526028527,2,0.5546741472798251,1
5,111259.38588897906,28769,148806,0.5473924665198522,0.013182679727770909,-0.024257516232504803,0.25857593739288964,0,0.17609356780305155,0
6,95858.05490500086,14789,230152,0.7610313805619435,0.3078454932488406,0.26137530226618344,0.15428020122728847,1,0.39696087960622656,1
7,86349.07626251718,22879,118840,0.8904049038321793,0.29029566379138694,0.47208964120642527,0.2649594065192267,1,0.37264798148322775,1
8,54215.22064969729,7327,156308,0.7852665877625646,0.24570619603189722,0.11801357816495804,0.13514654947809218,1,0.36272148622131406,1
9,40874.26801859505,25445,241785,0.9339087485552369,0.24348672493135531,0.227538003320597,0.6225187932032014,2,0.5695662565581238,1
10,63725.32818090702,29829,229426,0.8474677118901359,0.3210159226398771,0.2948901617449383,0.46808703621454517,2,0.4179293174000281,1
11,108887.42774870068,10895,200810,0.3925488643009626,-0.13507662152918085,-0.05860874651809985,0.10005746508352069,0,0.1702273343033714,0
12,142028.26030104278,24778,76641,0.4764099884539538,0.07334805017801145,-0.010911455038850932,0.1744582377301574,0,0.0593020287295597,0
13,82284.43587126539,10986,232065,0.6909204441552654,-0.00664602720327867,0.0416430456656302,0.1335124909550049,0,0.16778670041387267,0
14,75876.80158787205,28893,81024,0.7063376858538644,0.37375485677368037,0.4640457553173937,0.3807883225881543,1,0.3242618899851593,1
15,31780.759014821688,28944,150235,0.2793232238212455,-0.08538848020025241,0.18637450240463738,0.9107397336388756,0,0.024032929561128437,0
16,87526.6112226432,14435,235412,0.8591008993615028,0.2810094065552542,0.30308479259323945,0.1649212713523365,2,0.47264225336276366,1
17,66174.09480236833,16938,216267,0.7651736320589757,0.3608270213404368,0.2589382247789446,0.25596118920230093,1,0.33544944828649687,1
18,129681.32904334669,10745,207164,0.5754355338957486,-0.06060881469833191,0.012983916008576945,0.0828569546538841,0,0.15090857481693648,0
19,51032.26897427846,27301,161888,0.57618726471884,-0.010239281202132813,0.21571673527783933,0.5349752332932793,0,0.1583158087451697,0
20,57364.242062290214,6062,134076,0.5885734579637183,0.013003279623730915,-0.02141424675304987,0.1056755878238127,0,0.11168084994716101,0
21,142716.34102547957,27361,274786,0.6889503343771354,0.04044919629879734,-0.021999610515312094,0.19171595770602862,0,0.11120100772851692,0
22,128540.18696314395,25559,274117,0.39413419199493605,0.07413670986076143,0.07263797603809341,0.19884053854168174,0,0.04587894914098994,0
23,49000.90752071599,9964,177016,0.7941847424844851,0.21325910033651577,0.45903041192579513,0.20334317269098628,2,0.41426725698930644,1
24,50795.18130067903,11970,122474,0.37908135901642026,-0.04596657641872659,-0.15216200152820958,0.23565227435933936,0,0.022711518439925804,0
25,47474.40877340329,21633,239089,0.39612202254986617,-0.003131553699847713,0.18288677670600448,0.4556770807458589,0,0.08749498440474582,0
26,92931.67334305095,15209,264323,0.3707816052282725,-0.12558356060481699,0.1413751731660925,0.16365787306828117,0,0.10745268334281402,0
27,34397.38040583381,12350,261791,0.7098280349602747,0.3285543303005975,0.4328200615777405,0.35903896908107097,1,0.44434361821688795,1
28,74376.55909242884,15478,236717,0.455838721057833,-0.03540572161807452,-0.1662697300502742,0.20810320064370366,0,0.10642269705306313,0
29,127666.22805940545,24729,155977,0.4492210994645286,0.006440050227043394,-0.12167533087255301,0.19370040437392058,0,0.01738405761748474,0
30,139144.05393064843,19369,62910,0.24394381227007195,0.04443594845043278,-0.19555170030117605,0.13920106143848454,0,0.1611729773482287,0
31,120465.1965578727,18046,205890,0.5838897507214194,-0.001650871388547608,-0.05772936216457403,0.14980260287319183,0,0.01745803591793509,0
32,33130.24670937384,25618,82254,0.6664690335499772,0.08881434764928513,-0.12686335680734945,0.7732511087142514,0,0.19818589529147812,0
33,71511.23983482519,24019,123698,0.7942361073562269,0.2539582847587945,0.3161280882623429,0.3358772698596537,1,0.48723046325455127,1
34,102005.36938333455,26526,152974,0.4865754246286943,-0.09098237266208498,-0.17258368239766217,0.2600451344900847,0,0.19953852318476867,0
35,129850.76620436246,6120,94028,0.5600182682730371,0.023843768801020446,0.053334727603613574,0.04713102724683339,0,0.12822952657705947,0
36,43616.37582352693,15147,280169,0.7260617415129523,0.34872411635743633,0.4695351882873398,0.3472778220108242,1,0.5776705538720328,1
37,28085.903668113784,6792,126589,0.8164250305797033,0.33676013255171705,0.33597779609100004,0.24182949853634325,1,0.5212503744329244,1
38,40664.02148427535,11783,292602,0.8066972263341873,0.40141209791918514,0.5592289472570326,0.2897647495232721,2,0.5694162868322141,1
39,30474.05510097503,7717,109676,0.6730577310668163,-0.02332659128933924,-0.17497805535327526,0.2532318056927413,0,0.07466186325595059,0
40,95454.20893476967,15093,170993,0.9139241170265714,0.2509670716840973,0.46564723372879824,0.15811770029244146,1,0.5887947955664623,1
41,81311.04870845059,13356,177157,0.6742266534810784,0.008223854092514348,0.09816228827704819,0.16425812004822812,0,0.15272115883195217,0
42,45192.060668658436,17880,229357,0.862855097087966,0.28140249243036436,0.48936695567570254,0.3956447158073525,2,0.5160607744896887,1
43,73717.28182038815,13041,66725,0.3778363582324745,0.07580985618560031,0.03706603408305951,0.17690560039604203,0,0.14380918103684912,0
44,28861.125880392552,22717,209841,0.8087068346509365,0.3146731111652512,0.3258260528168305,0.7871141304100441,1,0.3227800231108866,1
45,57487.24858703703,6252,136123,0.4447124818215702,-0.04555444886208071,0.01379898205817868,0.10875455259498681,0,0.04424188836392045,0
46,148083.18511745866,29428,293225,0.6424991782616405,0.043177998773940865,-0.03749301340704267,0.19872614150389792,0,0.10605302652698004,0
47,117789.79062872013,25662,73510,0.23501485287373552,0.06554687909710676,-0.0037608628928289083,0.21786268455886834,0,0.001897086725699615,0
48,74330.18717650988,23416,111916,0.6551695510287672,0.008836455562686979,-0.23480236032488777,0.3150267864171344,0,0.009020135444064636,0
49,22687.844209019608,20152,172744,0.714460669140849,0.30506799008214197,0.38740237344786066,0.8882289482571695,1,0.36489720691096605,1
50,47965.51510022459,16362,243555,0.7822628413424677,0.4153436800344009,0.3240258280314643,0.3411200727399962,1,0.46525721118274177,1
51,84233.35519087163,20585,75559,0.3226427661276673,-0.06405056392387012,0.036877113688148666,0.244380625149677,0,0.0314681319405052,0
52,116783.0690276453,11924,214202,0.45373386688041806,-0.011726240932171119,-0.06354129802936088,0.10210384175789479,0,0.001277174343366716,0
53,115877.22788177639,14882,247744,0.3729415284764783,-0.03970932903673648,0.021046650615778296,0.12842903020758611,0,0.12418310355349543,0
54,97433.76234859021,27737,117889,0.7328337816023445,0.388354587699515,0.40369835182685687,0.28467544854487836,1,0.5852590686751231,1
55,147976.74491259464,5988,103268,0.5805119954714995,-0.13699835190195314,-0.042669205111267886,0.04046581781169013,0,0.12524406432628307,0
56,82145.2734593388,11059,288260,0.8892648169028058,0.2663425314085411,0.2750565395593747,0.13462734414627164,2,0.5339552966680049,1
57,41958.138325748296,22162,214053,0.9378874935888317,0.2793482369100014,0.5094503817545409,0.5281931201985653,1,0.5119427179460703,1
58,32758.434620268417,23440,286293,0.5657947608776659,0.044409547354225816,-0.16393580308726433,0.7155409063868124,0,0.016325996406117916,0
59,109753.80345139575,12179,191398,0.2997712254645726,-0.004785015013520032,-0.011573422797804014,0.11096654163236762,0,0.13604564848625827,0
60,139635.4048256557,21309,105230,0.4988617826279321,-0.013435221448212633,0.18553202694404253,0.15260456348163084,0,0.15859121892112632,0
61,49779.470494266854,17201,79426,0.7408809681462556,0.36478130125025615,0.5575632110719748,0.345544053185159,1,0.3936444170089341,1
62,96186.66160833111,25740,289614,0.5533886084427229,0.09284414938837407,-0.0675801855746201,0.26760467168319474,0,0.03340838158018997,0
63,110737.14493888915,14499,266184,0.21967177033425483,-0.1866697948235168,-0.025405530787104714,0.13093167615980478,0,0.02442198280200536,0
64,119138.25019882059,15724,209476,0.4218751096522856,0.05582706514833772,-0.018954575813313158,0.13198112255098118,0,0.17362845087550108,0
65,141151.77457656444,22582,98320,0.5024769613452704,-0.004926917614117211,0.04894489456545227,0.15998381931607192,0,0.0636223107236239,0
66,94942.15796774431,12848,268200,0.4722445489804247,-0.03162829854442085,0.03602421960557276,0.13532449941115712,0,0.0011517320996243142,0
67,37513.6472752579,28616,77723,0.6316668247859125,-0.05075428533496128,0.06730124158311236,0.7628157238358869,0,0.10381635702724362,0
68,142916.0837979959,6177,185832,0.3900372544686026,-0.10496704513247913,-0.01582333427391744,0.04322116752604873,0,0.03943082531457547,0
69,150401.39964059423,9882,227953,0.2922925647685165,-0.01859970200845591,-0.09434603608472553,0.06570417578303434,0,0.05905565784406202,0
70,78913.50165723418,29489,255244,0.6529455523938801,0.0588014632550686,0.24109107466419316,0.3736876374855009,0,0.1539889400503358,0
71,147793.30945428708,8225,177834,0.28922298261388607,-0.051728165900525314,0.06603856860940643,0.05565204561945355,0,0.062454357209759205,0
72,90106.06451057464,5987,90390,0.8613224593814292,0.2037159941477498,0.4367778695480884,0.06644391842568355,2,0.35756019741562284,1
73,61997.32683336957,26856,191178,0.6977402453521284,0.045198868678392075,0.21278065819615594,0.4331799671327921,0,0.08927047023952844,0
74,64493.8133278138,5661,225915,0.7319283709088087,0.2739498770377119,0.4147384383815441,0.08777586109268902,2,0.4520515295461448,1
75,38287.877366551,24169,168413,0.4505764995910048,0.02170945433076209,-0.08075159117230468,0.6312441864723085,0,0.07943575548584221,0
76,53727.97983284146,26932,84594,0.2662623363709242,0.04395319683659323,0.004741423236138354,0.5012658224595613,0,0.17240289645452453,0
77,87824.01455526659,13286,55901,0.7479456138979651,0.3947439957486041,0.37674101061877674,0.15127980732011836,1,0.3174491386516427,1
78,128450.68084709565,22073,227404,0.46352073195582577,-0.05055214777483667,0.12996819511995922,0.1718402725033052,0,0.0852166767780743,0
79,45252.00047520337,14700,82371,0.26855485286449954,0.08240476288104687,0.06147096828243793,0.32484751714026705,0,0.10706202629051834,0
80,126066.80095406121,27740,109353,0.6776673432519641,-0.050195888290411425,-0.2461230042104646,0.22004207126750575,0,0.15738067725105903,0
81,66995.32510487939,11272,245713,0.21901092411872747,-0.15290671648545257,0.03437423032617472,0.1682505455769337,0,0.14924145149636772,0
82,48275.46298236451,12788,78082,0.8609760633852827,0.21838068250324005,0.434555732319379,0.26489647555884815,2,0.44347658837277715,1
83,37847.2108882325,29945,96857,0.28184190073265075,-0.05948157316877815,-0.05846900531625698,0.7912075763900092,0,0.05475826150282131,0
84,44879.845478471754,19036,126971,0.3346656491510125,-0.0027425357647890523,0.20017440222015942,0.42415475804459507,0,0.10791124409910102,0
85,78991.92487885446,24921,194129,0.4169002561273859,0.01855010605611093,0.04498226502696556,0.3154879443464627,0,0.03216963479154924,0
86,134636.4438377029,27656,105147,0.6163402346735216,-0.0305035367863414,-0.10627248644856223,0.20541243671986648,0,0.002206322852493159,0
87,39342.798156897145,24873,90372,0.2464953199115661,0.034730947739411655,-0.10423439276417042,0.6322122768392756,0,0.1176404533896781,0
88,94829.75036537746,8292,275805,0.5924484885557337,0.0066195010686180954,0.09275159173856873,0.08744091351133015,0,0.14153618694818315,0
89,52043.89411307171,22251,295439,0.7959582379832609,0.20442160805870302,0.4147254409318545,0.42754294964279554,1,0.5850938258791775,1
90,128399.2279987201,27008,276876,0.44823057617764983,0.09744632738166713,0.015140126785611233,0.2103439438145938,0,0.08737014052303592,0
91,94203.47158400457,15851,92821,0.21680680009164133,0.03444104840421455,0.12381450236151019,0.16826343799724092,0,0.012530640691070905,0
92,46511.93770041355,22258,153864,0.6897754201908783,-0.02261689647767076,-0.21353263728296232,0.47854381263075385,0,0.02899301447596341,0
93,94940.83825392109,6753,172788,0.8211740717825117,0.3143519898498171,0.45332537302157955,0.071128506174961,1,0.3422878882565308,1
94,42549.53212683153,18368,118673,0.4596929297519686,0.11314453844821531,0.01178283326216882,0.43168512277053284,0,0.040976254830142514,0
95,85389.27837239794,23133,196011,0.7891677435354412,0.3743246459532775,0.43782102185639554,0.2709122320850733,1,0.4732780097643472,1
96,38461.11112157726,11710,202456,0.38184656237807013,0.005250531929204365,0.05261813121186551,0.3044633828436255,0,0.14652704694016658,0
97,48135.67964106356,25074,271796,0.21468207955119617,0.07298136223696791,-0.10361276612776311,0.5209025859190297,0,0.16459168924429723,0
98,57307.03979743667,28172,82994,0.3221699703932331,-0.03940287407042792,-0.2121323424139258,0.4915975436801418,0,0.022588641682234713,0
99,128980.39984620459,29765,145648,0.3625520077158495,-0.09376750377464642,0.05542021533955729,0.23077149733984076,0,0.1372654393372195,0
100,31681.66623308892,6958,126229,0.3163815735506444,-0.07218173095750849,-0.06840761531760843,0.21962228718680635,0,0.16147920606799027,0
101,60123.615875051284,28758,191521,0.8553361243133824,0.28777303331334275,0.2625546019259093,0.47831454548184177,1,0.39142532861584,1
102,107566.30488796374,22915,128610,0.29266508976435723,0.03291882153567199,0.0616718037989479,0.21303139513686226,0,0.015793832438165723,0
103,49016.146528563724,14277,147136,0.811311528071197,0.22772728107327284,0.4932671252777053,0.2912713669092736,1,0.5107901319256549,1
104,36080.277093484794,23230,198934,0.8174359407476709,0.37508717161840516,0.48273365047157457,0.6438420619611805,2,0.38420496465479226,1
105,77049.12996501748,10808,187868,0.7112133920058921,0.42224700364876394,0.42728730430987755,0.14027413424275062,1,0.33944673596939445,1
106,61665.06850289733,25012,242512,0.8490803797150921,0.3064260334856981,0.3720481356822587,0.4056105118706681,2,0.5253534143425254,1
107,134128.82033577608,21715,225481,0.6512266536429208,0.039232605681946864,0.02624964184712043,0.16189660019106256,0,0.013288768871154977,0
108,23283.09574025598,11439,72785,0.7960599050343453,0.3527283457363898,0.4237528754636538,0.49130064694198766,1,0.5572687012983851,1
109,44277.158923926785,26544,118670,0.910430840436169,0.36278104508691855,0.33158710540596276,0.5994964592377217,2,0.5964107898466775,1
110,129643.90696759411,22438,229587,0.5014714382397307,-0.09802025140153812,0.006128762127726815,0.17307408057062504,0,0.1653414719482975,0
111,47602.51600323217,25538,113918,0.49023380049684795,0.023645071649625846,-0.13111899366407107,0.5364842479810519,0,0.027839340269139104,0
112,80626.90172071267,10004,108478,0.3767303702733912,0.03486625569986524,-0.19106806588900516,0.12407769350549185,0,0.09169328491385156,0
113,78583.42981775862,17021,236762,0.8139948189399842,0.232764128981558,0.43985432164427896,0.21659782526002094,2,0.5482556766318909,1
114,36489.474020906506,24203,91862,0.4642890548610985,0.045995099072808826,0.21084105951155194,0.663287171147849,0,0.15867880286106956,0
115,59058.47211538003,17306,172225,0.5615747432323147,0.024874690509097387,0.10328288252351428,0.2930316240858721,0,0.05606689215830418,0
116,39253.87292932432,7014,182453,0.3405022494543568,0.006553988853573143,0.04741748605650766,0.17868300569038226,0,0.16069654865937694,0
117,100378.99788969959,25349,285062,0.5123919313947012,-0.015289315213618301,0.03741342235495928,0.2525329056169148,0,0.014355161245302606,0
118,30411.922153362135,17145,261981,0.5743226170631,-0.09398595330588418,-0.014263517109217945,0.5637591702865965,0,0.06351735905222333,0
119,82958.73633939556,28545,297644,0.3886568307031618,-0.0012285765752045896,0.03156744546739558,0.3440867262396391,0,0.18726423079383137,0
120,108620.9575771059,15640,82441,0.8081822840049261,0.22709730385262206,0.2988964275524424,0.14398694643156462,1,0.33329325737554444,1
121,107026.67196581971,11093,173106,0.8612081510055785,0.1939401479122973,0.4296170740126656,0.10364706101991741,1,0.5046581641879831,0
122,64642.463906810524,22845,104336,0.816023789863376,0.2876476223861865,0.43086774013564155,0.35340546475662915,2,0.3124970455148047,1
123,36300.26825784369,17096,201379,0.7058987411613822,0.12233879835498705,0.425373989468363,0.47096070691725345,1,0.5489289360862935,0
124,55310.39282484224,20064,78151,0.5254786675590363,-0.08329298755781789,0.13938039084833023,0.36275280241706054,0,0.12891823494846874,0
125,93758.4895052021,28067,99429,0.34525225283571015,-0.09700489908893498,-0.09474828639814903,0.2993542253946266,0,0.09399765363158732,0
126,47228.025684177665,29734,130360,0.41640800110473464,0.08685191977230693,0.11399567296261257,0.629583802609845,0,0.008779988528601025,0
127,68480.44443599386,10637,247724,0.5111716323086231,0.03668709747382381,-0.008694092335040553,0.15532901527737616,0,0.19623556735245892,0
128,87218.80291897536,5619,280258,0.4494478322679709,-0.026314648541170795,0.027545481162066655,0.06442418162079049,0,0.0024206233552214853,0
129,31972.78666649919,25003,199092,0.9296066080363521,0.41818771475714533,0.341481403810375,0.7820087833068967,1,0.4333096047724543,1
130,41453.77295145949,24149,180064,0.8068754578320279,0.14687864992297073,0.45277484022883124,0.5825525224996383,2,0.5276328761271976,0
131,142690.44169058825,6132,149003,0.23557914258671642,0.01629366603461048,-0.0026998296331606224,0.0429741468829195,0,0.013801518522563262,0
132,109495.32246434588,17258,150772,0.20000581737768308,-0.02214869367384661,-0.12044672565403808,0.15761403876973457,0,0.08331316569645844,0
133,105427.2461107921,10445,84148,0.6997719593595471,0.0021344378113069547,0.10810142187759554,0.09907306114231124,0,0.08115023372301221,0
134,36302.37883852328,10141,78884,0.933231215642418,0.3249874340994881,0.3633508229824527,0.27934808473869477,2,0.3477075011220784,1
135,119690.62293878414,12263,176374,0.35599201016320925,0.006700342943038268,0.21193288309136893,0.10245581231766102,0,0.09650008404707214,0
136,109328.1802713977,22951,179887,0.6807566694915423,0.014980831974090933,0.15808266254239656,0.20992757716287,0,0.14288215272531965,0
137,64803.53597683288,7763,233887,0.8076350523767974,0.24554997153572136,0.43913139685428537,0.11979284591469291,2,0.4213582156721609,1
138,134292.38241137168,5887,81802,0.416009463797253,-0.03275858665168667,0.04920682742168273,0.04383718491169978,0,0.19607374818843704,0
139,80901.78255334875,10788,279577,0.5018186002796875,0.03536288904393721,-0.012304719007958022,0.13334687641630283,0,0.015395893412993257,0
140,119407.05821665617,6518,80949,0.20100925887411697,0.03818616475649473,-0.16823563123539065,0.054586387918321565,0,0.034816335062285854,0
141,34550.88782664137,14369,260904,0.5086245104243627,-0.03007636575154231,0.11551909075007637,0.4158793276773747,0,0.14788164596626238,0
142,59642.44890549608,13367,120821,0.2996351682334004,-0.022230027882539593,0.10429053219131375,0.22411889929570322,0,0.1754940093308964,0
143,89616.75596660397,26550,153423,0.4467504960772041,-0.0035389699819520504,0.049875125285386464,0.2962615608390685,0,0.05666095248498613,0
144,138708.74710051855,16949,257234,0.6168215670719792,0.09509147625263832,-0.12523627358613512,0.12219128464708508,0,0.09988635397336708,0
145,126452.92458473299,10738,55668,0.27974613127067915,-0.04200935804620048,-0.06623676002476347,0.08491697629978286,0,0.03209252285424529,0
146,87804.20398043384,7032,216601,0.7579458975723374,0.4193223907331664,0.37417046814661814,0.08008728148787728,1,0.3307703887750769,1
147,31345.845836610737,22413,163650,0.5703130744471852,-0.06543415941244395,-0.1871545132060739,0.7150229767870064,0,0.1725944797973925,0
148,45246.99471648299,19955,225121,0.8429780509626501,0.37971089380717843,0.46270457819949756,0.4410237657779868,1,0.4670635329516287,1
149,43116.643074449144,24744,265997,0.27142098240716594,0.07079724347771675,0.10256239023124103,0.5738851226723459,0,0.1384147294048738,0
150,95462.68212404576,26772,108692,0.4325276241503222,-0.005532289766799784,-0.007164361622673632,0.2804446659607995,0,0.17483413643140522,0
151,56866.802503367166,15738,75963,0.4252392857352977,0.05498521082225157,-0.12294486712107464,0.27675197667511076,0,0.10267364204498311,0
152,116392.22598282719,7382,230755,0.23323166288813607,-0.024324041407411113,-0.016216256939198904,0.06342347985585531,0,0.15330300990651693,0
153,50145.44820810499,27841,215732,0.644563961970005,-0.20588743819250355,-0.06056054640246333,0.5552049287596171,0,0.11576135090238811,0
154,57058.974555365145,25029,237305,0.3913993822181939,-0.05723282616650305,0.09961947632193283,0.4386514162765754,0,0.16436618931707186,0
155,146432.76221918227,12485,212527,0.6916528284092336,0.03791749516377087,-0.2862797785399995,0.08526097446220611,0,0.15734166814146183,0
156,78102.46954690851,25324,203939,0.5740023681857016,-0.03923379477438749,-0.0164887437220899,0.32424070771271,0,0.1625427239786124,0
157,76592.96421430327,17031,219509,0.8279089294737693,0.3808009653115681,0.4074028676886166,0.2223572383534879,2,0.469018605213792,1
158,52145.71248743449,26188,279204,0.8693829034709211,0.254894068352272,0.4202576125720459,0.5022081155053831,2,0.3330189852603346,1
159,114865.45059815419,8716,86182,0.6551065174338783,0.10111902843800015,-0.07671908407724927,0.07588008365101961,0,0.12780643178298418,0
160,94309.69168173552,10213,152412,0.5453398855740033,-0.06579104836037733,-0.08384848519420451,0.1082921576550748,0,0.11935528399233793,0
161,113317.09333835254,28596,272138,0.6459465516282812,-0.0121635122720705,0.04658796868993586,0.25235380786388023,0,0.061210292704557606,0
162,147474.4992886374,6546,229297,0.6876866385732103,0.003265022720700132,0.11855964944665091,0.04438733497367674,0,0.0340230834618563,0
163,69724.0229332408,16486,88225,0.714244681749342,0.2655785394732664,0.49037569616447235,0.2364464829544471,2,0.40914289234228,1
164,125148.79335653769,10208,83455,0.3807018895335932,-0.006912766744712492,0.0010526638551669695,0.08156690708889476,0,0.17195893496232914,0
165,53767.953241313706,16151,252166,0.4854387084197381,-0.0408672496356081,-0.14514920603739848,0.3003833887355424,0,0.037054071076664745,0
166,116218.27122517914,26954,139499,0.494466537472782,-0.26448316526164534,-0.21090143229312439,0.2319256663848938,0,0.15033523440458385,0
167,28857.855685764353,15878,52985,0.8074963035302649,0.3878763465515,0.44891115579993707,0.5502141313927443,1,0.5112249813964017,1
168,125595.6844721821,11751,99649,0.31873927837612875,0.044879361597102964,-0.1593600810434133,0.0935621319266165,0,0.00992287466776749,0
169,109774.40870717885,24692,139037,0.31721280000575736,0.042936267244731686,0.04568612810771634,0.2249340287121513,0,0.06901674910264675,0
170,93215.44351030237,28666,108817,0.5390569154771043,-0.03128321281878186,0.1724543213450637,0.307524149652646,0,0.10860428617335283,0
171,126533.15955720455,10366,208395,0.33647499736574393,-0.007088322819738451,0.07336608148264205,0.08192318943330915,0,0.06828505392085966,0
172,114399.9776887479,12678,278129,0.2953049165372249,-0.14943172675591374,-0.2438106811895991,0.11082169993506019,0,0.03692649146947385,0
173,49547.813459586796,18272,210595,0.636509697014858,0.09165471981729051,-0.18645431456557596,0.3687751027581345,0,0.10462860413943305,0
174,70332.28820701397,15178,176503,0.9458918016284157,0.12404332626463266,0.2887784531070041,0.21580415463414931,1,0.30953354530719734,0
175,60698.68202814548,27484,133639,0.3812798982795472,-0.010056558878032543,-0.144525100495972,0.45279401597642427,0,0.1611429051336436,0
176,129849.64432303561,13848,295925,0.43779809591100416,-0.05715083014405265,-0.17912854585543828,0.10664642226935492,0,0.08154962100054647,0
177,84724.80269578441,7618,211215,0.7887244208716384,0.33113280060251743,0.25846388664167813,0.08991463842475307,1,0.4594983071293449,1
178,38768.09015293965,15637,150260,0.38980838222583514,0.006389233101720271,0.029009397060468286,0.40334718420000115,0,0.06331735198173023,0
179,83724.94382963765,25450,69229,0.9253957513217669,0.3879442320278354,0.39139928991132905,0.3039715386586022,2,0.39756335888286337,1
180,127869.01825376484,17734,161426,0.6988114111256927,0.05857409284806043,-0.0726415775905014,0.1386887945350895,0,0.03822641768977937,0
181,106004.1763263948,21608,112993,0.8049068457017026,0.25838998490490855,0.30706598910059835,0.20384102540891738,2,0.3641094424710985,1
182,90558.69026571646,29816,236098,0.8065303094880576,0.2372485925417899,0.24759770286003766,0.3292450444293548,2,0.34900099442671717,1
183,72437.99289494273,21848,70855,0.28068367919419157,0.030666950889395955,0.18891047320129162,0.30160968197567667,0,0.11439917565671856,0
184,49947.68346267134,27692,174954,0.9187795111395117,0.40344765343543193,0.5333770730943292,0.5544201068042677,1,0.5478194053644856,1
185,140599.77969896828,22695,91347,0.2117662472070494,0.05719095230037666,-0.15678023618047057,0.1614156156474158,0,0.08592457277936882,0
186,39852.69507111065,7176,153306,0.8072655923256664,0.3995763067902288,0.33390918475974307,0.18006310457035832,2,0.34301861100326775,1
187,66770.8565103479,9873,189707,0.8206783682692336,0.2727564838069518,0.3731269577336506,0.147863911233038,2,0.42791950704048676,1
188,83081.37690721285,21035,159975,0.8313675768389732,0.33173220728148556,0.3811545370094977,0.25318550056641886,2,0.598324580267662,1
189,78926.51749118193,7776,157615,0.6621271373015579,0.10952204013607189,-0.027076464296270107,0.09852202082612822,0,0.09213396596669783,0
190,44518.88136261291,5609,156244,0.7202596526162641,0.33247039252130955,0.47334753405685565,0.1259914855971753,1,0.5962008475738638,1
191,72439.80934198653,9042,99052,0.5503057481972258,0.09625518126977133,-0.12770911327323406,0.12482086965901502,0,0.15069442213191936,0
192,100147.69849292753,21626,136005,0.9050168755139123,0.3197628637625631,0.4632857905224949,0.2159410583112625,2,0.45696391649126245,1
193,157556.3101364347,14663,298709,0.6875899879877541,-0.11085379085643242,-0.0741324265153,0.09306513961454596,0,0.1666408713193349,0
194,59409.72998809423,15355,65989,0.2531686486741136,0.13253047432486081,-0.10351851932159571,0.2584593466941721,0,0.022827993861926424,0
195,65895.48740954483,8164,202236,0.2556043736691094,-0.10829566967596047,0.0894302403197744,0.12389315749742008,0,0.17363385906530082,0
196,85124.6201232707,10867,130820,0.8489199560403824,0.34286819116150885,0.4934116724659697,0.1276598942146617,1,0.4570990248163832,1
197,36236.74174939432,29495,114550,0.6679686241242797,-0.11406123305043424,0.002131169964671653,0.8139528714800357,0,0.13445013745883894,0
198,101863.51128948231,11089,237620,0.4212886729664077,-0.016646652790075673,-0.0015018320456031814,0.10886135633481711,0,0.009672542209756175,0
199,92671.93858386776,20882,251283,0.8357495331513173,0.2439771598822683,0.40403603771480234,0.22533250430605667,2,0.32403171798288066,1
200,30408.14971801604,23554,207550,0.46022470208264293,0.03743042377534296,-0.03421452252251705,0.7745949759660933,0,0.198916397807052,0
201,80707.32303141135,11477,106652,0.2234864955490699,0.0569069964311592,-0.015778414916139735,0.1422051874466601,0,0.18561035004576965,0
202,101959.20063119587,23203,208353,0.49384850914377293,-0.12671529481103064,0.0016636158479144628,0.227571419316333,0,0.022472896389797128,0
203,72659.0015513493,15046,120219,0.7169933249548509,0.2652693466841996,0.46056143155272516,0.20707688901239232,2,0.3178851976033977,1
204,44977.16577913178,10730,194993,0.35141494448937105,-0.03364587014232901,0.12327814952185817,0.23856549905104155,0,0.14617592466444154,0
205,73636.92808815467,10014,182447,0.5981218047281935,0.11828723836925681,-0.041882110301688126,0.13599155016368566,0,0.14700503723796468,0
206,29367.44482496154,21172,129436,0.4036827621064162,-0.006826827923980475,-0.16367189120015688,0.7209343586475173,0,0.10427540429474824,0
207,143517.00893378968,27499,152552,0.49702473278340553,0.0656735385570088,0.09298859942049653,0.19160795089233237,0,0.11793069903030953,0
208,135821.35669110768,19175,187263,0.6658702016582541,0.025236503572065597,-0.005753195336517542,0.14117809206992998,0,0.19938988348233394,0
209,42575.49702177265,16452,268206,0.3516927718145666,0.08406746617081384,0.04546094520432532,0.3864194466499504,0,0.15637818259937797,0
210,120710.55569728157,22118,72616,0.29931580693093457,-0.06422786501881056,0.17575795216631712,0.1832316972797939,0,0.1566774439991677,0
211,53303.5552157855,8432,281747,0.7243769231159688,0.324061950690613,0.4102321102421625,0.1581883228213438,2,0.504762143630147,1
212,61993.98401992411,6462,178848,0.7422146158425987,0.2283294234415534,0.4357163701027283,0.10423592066486954,2,0.5579038755240999,1
213,83756.34192246913,5463,213045,0.5485120830021497,-0.008055919993974902,-0.043367107625747275,0.06522491162587955,0,0.07259656808077433,0
214,58719.101909732926,24323,178023,0.269627035392352,0.04412414091212936,-0.1958379183411481,0.41422636261349843,0,0.00214305953907179,0
215,59039.98648957148,28308,91984,0.29785632004982454,-0.06185546259127563,0.04693408734715234,0.4794716544354254,0,0.16405066378897795,0
216,29274.555571785695,8199,155072,0.8832147968329577,0.3905496448225616,0.3854454972412589,0.2800725695013472,1,0.5172087566318764,1
217,34590.7933223166,11240,296272,0.916508918761439,0.354392391039213,0.42244599658824794,0.3249419547931675,1,0.30951674754480935,1
218,129515.64236814862,14017,217619,0.3167836805343055,0.02764036439615683,-0.0569829792831583,0.10822630953067919,0,0.01363732395309254,0
219,125994.16333926283,10077,82574,0.26192301335290874,-0.09758013197416059,-0.013731623427476589,0.0799798953612303,0,0.014107127518591313,0
220,41203.11794074642,23300,114384,0.7418916348261266,0.24874991456171242,0.5395198592197136,0.5654911852425192,1,0.43416030966493135,1
221,102477.23853300948,6861,55269,0.510120677134456,0.0737180680362768,-0.029159456999553145,0.06695145281251863,0,0.0955484252799072,0
222,68988.24356367307,8225,160114,0.29834409865641154,-0.03441788439063457,-0.05722668395526586,0.11922321217540047,0,0.0474966610338768,0
223,36903.274928809835,19130,195343,0.32040190803658664,-0.023714200461463192,0.02052311829687745,0.518382177107688,0,0.07736144841037601,0
224,89203.94926970654,21727,82167,0.2831146810258294,0.03931677910454438,0.012618504635968456,0.24356544948821499,0,0.18329783022310286,0
225,107044.98416459716,6552,101272,0.44452420022464156,0.01733070576290204,-0.018324980311390588,0.06120791227289409,0,0.07032997446838107,0
226,41974.36117562415,5786,250976,0.21001161486609382,-0.0543130860486096,-0.30327333406232837,0.13784605263653457,0,0.012501388302082162,0
227,72087.68027193018,15681,253975,0.7630432193738824,0.21753870789593363,0.31581788023889296,0.21752676658269357,2,0.500019458957277,1
228,101341.05482118229,12067,279167,0.2892080482817479,-0.027085797111456304,-0.31915643817200573,0.1190731635988237,0,0.02163100291467135,0
229,38238.85215851928,17410,145965,0.7805168837989324,0.20448307127959242,0.3746193758385521,0.4552960932986898,1,0.5113005947871541,1
230,40337.52529947314,21855,200396,0.8802830893392058,0.39163424063736224,0.4343164467864203,0.5418031928767195,2,0.35760701074090334,1
231,153861.99240936915,11795,220824,0.6613225698017859,-0.12758637726608113,-0.0481795828737865,0.0766596078427083,0,0.1004743639944191,0
232,43807.06726219583,17697,96501,0.2530801767737336,-0.0007666650805621804,0.16906465206002383,0.40397591315755516,0,0.16749450392375492,0
233,84374.7188475674,14513,101482,0.4888065403185668,0.042727411923270335,0.1264556440027379,0.1720064990820224,0,0.11418141075042897,0
234,74292.94140369812,23519,187799,0.6623208955643183,-0.06552596335292031,0.036207712180116744,0.3165711244652548,0,0.011244858970194449,0
235,68398.01115314531,25536,146367,0.3729294289876346,-0.010412104539580495,0.04406790481267504,0.37334418895344906,0,0.0070430347051047,0
236,138926.87144426204,26691,205976,0.3864999177834315,0.030696812209122494,0.11477811791963857,0.19212265937125436,0,0.041807407477184456,0
237,139280.63134486257,16196,267508,0.6083276216008118,-0.024084906084493256,0.0080739735496302,0.11628321787182505,0,0.17704777574151306,0
238,48186.0088934268,12688,191835,0.5692730266984817,0.21176699643257768,0.038462307042080326,0.2633129468776321,0,0.012758911250719575,0
239,101156.63508933378,9277,267394,0.5711849685448909,-0.07370298421330049,-0.23621828548034035,0.09170925853560931,0,0.04566625047372217,0
240,77943.32169538277,12795,61332,0.7776788320778618,0.20266402314911228,0.44406216433089485,0.1641577459324261,1,0.4505836215395525,1
241,109260.42116864896,26168,212171,0.40858213948785105,0.011342889631247615,0.01936891120610309,0.239501181856222,0,0.175549880972525,0
242,99654.98069240214,12865,258726,0.36636473825518956,-0.07919116784252618,0.00782452454483403,0.12909540406926043,0,0.18798487457714178,0
243,64813.42649094013,9150,161369,0.4338603079855754,-0.03899114891750554,-0.006348798676732312,0.14117445250759922,0,0.1211793630358966,0
244,61357.89428023675,28722,80270,0.3313604717806514,0.0092022588709783,0.05810755506525316,0.46810602509954935,0,0.09444969978903171,0
245,103349.9570691896,19021,292744,0.5970911726585917,0.02573679363539264,0.09522214071710099,0.18404458540090182,0,0.12504322500628764,0
246,96485.01754243806,27738,124231,0.6259229629194438,0.0922578661180141,-0.07542226003735242,0.28748504904193745,0,0.16343821014532822,0
247,125332.22129124,13400,202192,0.2910315644409277,-0.11579826735462381,-0.048603748540150635,0.10691584224667837,0,0.10257257587539824,0
248,76635.2756825194,21301,115439,0.49979863002202696,0.0018932068995966315,-0.11767545128511225,0.27795293760336515,0,0.1100702557677502,0
249,71458.23804057205,14219,252918,0.4612484044452942,-0.049610205780614924,-0.02857635312123575,0.1989833557318729,0,0.12820497152707094,0
250,98506.16027244343,10315,126102,0.6689128999925336,0.04601705791342489,0.0022512931951575456,0.10471426326507181,0,0.13542899333433386,0
251,30385.617100334683,18890,132428,0.9145807347197145,0.2523455123400174,0.41433362548609876,0.6216757072145142,2,0.3037789203815361,1
252,97312.46275337262,10904,63731,0.39839466270729207,-0.05899981392182137,-0.1206046379242466,0.11205142374862045,0,0.08624209697286578,0
253,135552.03247306758,5172,55666,0.2263598831672506,-0.17219054045294924,0.06441035878139231,0.038155090009643414,0,0.08923408756253931,0
254,132821.61270109873,22958,98784,0.6118731939754002,-0.049768095456876535,-0.06056864707016813,0.1728483756003219,0,0.017053668322335482,0
255,31454.964478752856,12645,225858,0.7123272467774562,0.3008444370062256,0.3921423389487903,0.4020033152013706,2,0.43345180780215886,1
256,64181.519424337515,24642,257397,0.6990999538328088,0.04254217360391712,-0.1095998904313198,0.3839422971132684,0,0.014992008694002613,0
257,108180.61454517375,29102,106030,0.5921356496533584,0.0003924156375740631,-0.22477121093967883,0.26901307708737104,0,0.18937603926820473,0
258,138361.347731647,20011,263493,0.2384845915040087,-0.0629266092677509,0.20083765619606858,0.14462854206083264,0,0.13415300508860714,0
259,32727.68521407675,16353,162313,0.4912175384441479,-0.024878584538976654,0.008681063011873833,0.4996687022938698,0,0.037318019374633506,0
260,118149.95642545636,13740,293029,0.5376154187810187,0.004396160773715203,0.042243897157347436,0.11629289096411047,0,0.04117639763566423,0
261,45633.65382701946,21666,116617,0.2167117862177519,-0.04219931837626214,0.054702621987013325,0.4747811797435267,0,0.11595856876659101,0
262,101541.98678689479,9141,204422,0.375388811505156,-0.00824124313231801,-0.13459701164639468,0.09002187458852987,0,0.16653874926988402,0
263,63187.50251975308,22987,198778,0.732580108293084,0.30431416785414706,0.3249099715631554,0.3637902921200917,1,0.5200928521093345,1
264,86219.97454747812,10795,273299,0.927549031036174,0.3619812805697402,0.5117521719304153,0.12520300610916554,2,0.4345039411573901,1
265,47736.83371141499,26894,205917,0.9338562061121335,0.34097643267088085,0.5047671366412462,0.5633804739246671,1,0.42155914277259887,1
266,39811.171487748186,18161,173199,0.7998580697577136,0.2161723055469682,0.4239435556778001,0.4561784876285043,1,0.4889050785777609,1
267,122984.41930396874,16954,198620,0.3807700938814783,0.07174166074071915,0.06103416874085705,0.13785486076977305,0,0.1069598932562385,0
268,70072.482955659,14730,248681,0.28125553264872816,0.006110984013155719,0.13778571129279257,0.2102109041764791,0,0.19194914429239385,0
269,66134.17481255103,20847,136296,0.9074848983031107,0.366262739828498,0.5010562439703352,0.3152228036274466,2,0.4792897319606701,1
270,67525.26064432804,16675,126448,0.2961578863921753,-0.06103422020948156,0.00856100431886517,0.24694462251439914,0,0.09278725269097819,0
271,37648.727461859955,11213,130021,0.8577792569730587,0.19845674137209984,0.3016617175301684,0.2978321116260657,1,0.3328447098206982,0
272,100289.3572837255,5328,227523,0.30339883802207207,-0.009449523688596367,0.0025127327239771657,0.05312627525298343,0,0.185012911289411,0
273,130731.99668294202,18503,104943,0.5859180176150549,-0.04073178904821243,0.05057093573756759,0.1415338285154049,0,0.09677545291285182,0
274,68955.25162025346,6040,249294,0.20664060172929005,0.02110295312780593,0.1256267117301107,0.08759303835570281,0,0.10840305969594521,0
275,124938.62304076496,28806,180364,0.6018467259386512,0.01288833496326733,-0.03209671698984642,0.23056120916749004,0,0.16356441471323813,0
276,38996.48719865338,15707,215278,0.874188703733851,0.2337981408042175,0.3078716332941764,0.4027798688632239,1,0.49176054881698794,1
277,139901.74300416006,20567,209912,0.37048328173124234,0.04045649107216333,-0.25219809305388236,0.14701031994568092,0,0.16109325660811735,0
278,123508.45765936573,28328,188982,0.5447915327666148,-0.011443824245030172,-0.006421776844119381,0.22936081088574642,0,0.17546194723860714,0
279,101501.3038355682,6447,224077,0.6585383897349066,0.003120985464957583,-0.1088181548282385,0.06351642546822965,0,0.11668524302881822,0
280,94892.68465628932,20385,59336,0.7662618218523207,0.3164986090483167,0.4184058259546247,0.21482161742853503,2,0.45842042427962365,1
281,135594.60778387167,24291,102066,0.5187012406046108,0.035912649806690886,0.1077551677741271,0.17914429192286285,0,0.16036517997510302,0
282,49285.808738265754,7971,190791,0.3861535492865239,0.0548620703593742,0.012833344983366678,0.16173012483837512,0,0.050932753177992375,0
283,91977.89888311266,25850,268530,0.8607016477715433,0.2522125813604444,0.47518072388329763,0.2810457763647188,2,0.5999547733459201,1
284,102489.04753206269,14930,53285,0.26165924553764613,-0.002261603945473308,-0.003040391010957915,0.14567410235058822,0,0.08019406533767036,0
285,34377.18903328276,19435,105556,0.477049640197913,0.07287240856045024,0.00860515908019391,0.5653458164128466,0,0.03489969727959104,0
286,58750.207558552676,17537,72419,0.8000824671026895,0.21056497038093244,0.4583934132553347,0.2985010730816902,1,0.31116651137079876,1
287,65753.85122435566,6658,258878,0.6247349507918312,0.0481679478360874,-0.029132962250551946,0.1012564264453887,0,0.10824075315425968,0
288,153144.76057066786,17178,201007,0.20885692530469452,-0.01299524102729307,-0.02855286576450618,0.11216838196742161,0,0.1406399569550974,0
289,35740.853620076196,7722,120192,0.4885933381116544,0.09417695876507157,0.12116202671247843,0.2160552761857493,0,0.1295440108841224,0
290,28716.363465974908,8845,267202,0.7618657453082865,0.39159887923309783,0.46006562648296223,0.3080125382338246,1,0.5016059286541605,1
291,91040.11140682983,8306,216742,0.8174510803621704,0.22536190552145907,0.3999306997339044,0.09123451049925763,1,0.377074285407688,1
292,120939.00958511059,25378,231902,0.5142519500417839,0.010127517169031361,0.14497580295128604,0.20984130833434916,0,0.11145036666368213,0
293,123420.80445415367,14894,233844,0.30175555416594324,-0.03164306519670258,-0.23266496983387067,0.12067657528137875,0,0.1746722235682876,0
294,47754.02224133844,22615,262498,0.7655685804537462,0.282495007131934,0.3003258926942953,0.4735726738516121,2,0.33087152650260016,1
295,149358.96678268557,13401,217567,0.5284076155442244,-0.04461317428811264,-0.0287796785569845,0.08972343802764918,0,0.03964125304710393,0
296,117142.9668747348,11833,123889,0.674395248845959,0.03446767842590646,-0.024325375017724797,0.10101332001137937,0,0.05360943747572755,0
297,44641.72220717126,9607,53985,0.3798947066909648,-0.007847413941669448,-0.056218318895202825,0.21520227099250952,0,0.08116241844005433,0
298,51156.65572092994,9357,136799,0.8928683362149016,0.3239898167691369,0.472770936943774,0.1829087509364247,1,0.38380355727936794,1
299,137841.24026153513,11121,101428,0.47731024560557245,-0.01649159578954911,-0.024127636373251493,0.08067977318616261,0,0.18032624589727203,0
300,94867.9634059075,17229,66956,0.5751359147358859,-0.004249831598517658,0.09744437774752174,0.18161030743627343,0,0.06345779675518107,0
301,80000.94910948689,13128,100227,0.6873849217102065,-0.05960639836979318,0.16721965497898728,0.16409805316226206,0,0.165120684981403,0
302,82238.35179597857,6363,87276,0.4414392670579218,-0.03282911565104516,-0.21827798842774954,0.07737265960516428,0,0.07806515585231094,0
303,54329.06635461093,11605,93019,0.22854738025494198,-0.04766367109791954,-0.08485079109678564,0.21360573222909948,0,0.13456517771161686,0
304,69083.27107971195,26352,151975,0.6648958613152515,-0.10338971806110057,-0.12354835573548312,0.381452695973149,0,0.18957268839981378,0
305,94350.1995651471,5712,76751,0.3196849181710232,-0.0035888315053098393,-0.005146843193710868,0.060540412488009294,0,0.08359370160277742,0
306,40141.66333862215,24270,97013,0.6038511845220285,-0.05448970779636075,0.008838054451162276,0.6046087277267534,0,0.04926964944846038,0
307,91083.52955080576,8003,293550,0.7709695453976783,0.3088515261261488,0.30103598044940866,0.08786440358062741,2,0.5222649620165957,1
308,90327.73143867526,25864,50055,0.8930668892093764,0.3001337977900115,0.5237496640004903,0.2863350998420615,1,0.5666565295180258,1
309,55988.73346163805,19500,53196,0.5395858497689964,-0.030453756212235963,0.01827070141934245,0.34828435641182826,0,0.014814981442089549,0
310,45165.42246919377,19306,296200,0.4798978610898821,-0.008105240433431908,-0.024450743319458897,0.4274508892985148,0,0.1040230829004789,0
311,51087.36762684492,19158,125271,0.9012733441998815,0.41137538379161015,0.36628323022458964,0.37500464185069954,2,0.46928505052002956,1
312,88133.91590789435,14481,209413,0.5869975436470045,-0.012030215975690166,0.17952643598606335,0.16430678077589997,0,0.010414481244253948,0
313,42885.371190650956,24475,226687,0.3938123126012296,0.06100431496508016,-0.03195652616820528,0.5707074305406867,0,0.0646388499714755,0
314,71493.23076814339,18636,200641,0.3375951058867378,-0.12925175156805624,0.0923308224587834,0.26066803527787974,0,0.18191733901075546,0
315,64965.94055593969,6734,81385,0.6279625947956489,0.06582333616143535,-0.047252206152855775,0.10365431397397548,0,0.08693562966329405,0
316,39239.22909797094,24551,200453,0.6650026888955363,0.06299585568922127,-0.04017190478915787,0.625674881091625,0,0.07671347820145842,0
317,68429.43064859093,21304,295045,0.28637865914054367,-0.04184660001333691,0.10625224258201249,0.3113280323696319,0,0.07587311964083732,0
318,55994.62580961351,24115,275191,0.5785945598409847,0.031246551665379117,-0.07882122226007353,0.4306663300509061,0,0.061129699367236695,0
319,138768.39225441805,17000,156637,0.34640643336858434,0.008820296219854274,-0.20802598625769606,0.12250628348300087,0,0.07501988106367,0
320,23235.233260584533,28797,51312,0.827172985182344,0.23132868859569378,0.560748183809464,1.2393678030704456,1,0.5804466121331404,1
321,151212.07525950053,19408,72369,0.5306750699384977,-0.0031576389135139424,-0.07141736209834018,0.12834953800278998,0,0.0783996087778297,0
322,94235.91684428276,7130,293768,0.7958702806437605,0.11891303685283976,0.4474600212216979,0.07566117292392611,2,0.3028259567917336,0
323,90932.99252470244,12689,51379,0.2677472594644224,0.15493242815235053,-0.035658074523198566,0.13954231184630775,0,0.08951399010159443,0
324,129714.27360850268,17676,75192,0.21714895065165585,-0.03886663947358691,0.08216929450555632,0.13626873518444735,0,0.09951321667774518,0
325,106201.80866035528,15313,52402,0.9088929262726622,0.2606070687772553,0.462198104608987,0.144187751537948,2,0.49626899339996233,1
326,70885.95985690493,10872,168341,0.205399196194756,-0.04260453472556827,0.11863411510142434,0.15337310832705003,0,0.14020225341900813,0
327,70746.07114912875,5446,279484,0.867263378829237,0.3695419195935318,0.31430777541082144,0.07697953980398625,1,0.5322753443102013,1
328,93382.50383213676,29544,241252,0.4542637158867862,-0.07515884225168484,-0.01429057681065606,0.3163761817000316,0,0.06369039336116088,0
329,34460.363575172065,21627,204468,0.5748628733917716,0.04542304373273662,-0.23616634916686297,0.6275905926767928,0,0.019363746197443722,0
330,77318.17798288296,25140,255979,0.5787741965666856,0.07171636839143404,0.012952847284971194,0.3251499279453482,0,0.16195408077945248,0
331,111034.88053362748,24958,203283,0.2517564735030655,0.015320120543940219,-0.34739122032416303,0.22477621338495826,0,0.021482865087244375,0
332,129317.56292246188,17614,149290,0.4367174667970244,-0.033629953016197124,-0.05763775407734251,0.13620733024918866,0,0.12263407214862342,0
333,137795.26774173047,24213,206089,0.534976745429609,0.11838545326663948,0.08883156786773312,0.1757172100088546,0,8.030880506797456e-05,0
334,87680.21134598492,18269,63092,0.4851562539132519,-0.020225833057961603,-0.028779854279239295,0.20835944302085194,0,0.010715311921481585,0
335,144800.03833425444,6832,229357,0.643875762335844,-0.0001294015961584279,-0.17175897436553234,0.04718230795097653,0,0.008117142426939018,0
336,23794.45977622858,25913,253394,0.7170025579881051,0.27192239994852835,0.485406320925634,1.089035020912217,1,0.5228493829397071,1
337,32165.02771037093,8614,272426,0.2880413165158581,0.006495156022517637,0.1468711744420338,0.2678063913877058,0,0.1433437171535284,0
338,144454.59665836574,25025,80782,0.23934883759769954,-0.00252733894123296,0.0025202317081634736,0.17323782405612176,0,0.10546217912847866,0
339,97815.98430885981,17940,67682,0.33910859353441103,-0.0006954935026445624,-0.16458118726063356,0.18340560724056487,0,0.01232159705849385,0
340,128950.84671967677,10968,111562,0.4426278020736205,0.037848489317578185,0.07026804694990366,0.08505566484447426,0,0.10868117043965282,0
341,52986.30295522409,24522,246604,0.9152027156716843,0.3563432029943047,0.3634068870914836,0.46279884861418313,1,0.38388042979353953,1
342,152764.2758867302,14180,229065,0.3126035501081008,-0.03941708332775227,-0.403704508515078,0.09282274875910133,0,0.05141921787902235,0
343,132997.97480265857,7837,175261,0.24754682385536475,-0.028651406059148295,-0.08712656102384282,0.05892570929466019,0,0.010842348841198612,0
344,92981.01518127124,24867,70946,0.45180996898680065,-0.17398054922012715,0.1353699269918244,0.26744169174234667,0,0.17341599943168473,0
345,49812.232645656724,9019,62419,0.5919642942264,0.08818590316014426,-0.028513850659285,0.1810599429292273,0,0.06492175961938894,0
346,74728.71616757954,27633,247298,0.6153836942973803,0.05825948154767679,0.025351157713098496,0.369777528868994,0,0.0584830167768496,0
347,114205.12320227617,9370,199229,0.4642921007187211,0.06035170475197443,0.07713900873246436,0.08204535608620797,0,0.16212076965203223,0
348,59521.024760871805,21226,276340,0.7300398146839054,0.4212033914412326,0.3795291067451189,0.35661348381141517,1,0.44676897006138383,1
349,29230.977095722417,29783,166625,0.7528020646469878,0.3185653100455065,0.36272485186778397,1.0188848598002687,1,0.3887468155745589,1
350,98079.25417270142,24615,183669,0.9215921617738851,0.2787890336929968,0.488050900812192,0.2509705055123792,1,0.5002053489151188,1
351,126374.8713770566,27257,150588,0.5766564659396285,0.04597288184885676,-0.11311818001286827,0.21568370122154298,0,0.1432650686952056,0
352,80332.14448224759,23526,59340,0.6414182453390396,0.06688872408899987,-0.008870221773402454,0.2928591057991606,0,0.10556242165912416,0
353,133706.09282574718,10539,295913,0.4964923738777469,-0.102864473563866,0.01712669184158633,0.07882213725095519,0,0.18719883580035557,0
354,92679.54130692975,20082,54722,0.7013372471735557,0.2856041526023813,0.3864910897070234,0.21668212549190127,2,0.47010983505036824,1
355,82299.68788948894,19887,215413,0.775307823698477,0.32325765277626006,0.5252097626786515,0.24164125660724292,2,0.4132162874924329,1
356,132278.2555497263,9888,251587,0.24047485101117805,-0.06556404587443249,0.12815578106455064,0.07475151497052275,0,0.11543432532479925,0
357,121596.21031593655,21571,278348,0.42775084760961013,0.08120314958458591,-0.15028484537129344,0.1773986207625492,0,0.006164923739874051,0
358,130654.05051760626,24115,91787,0.25349563058731167,-0.05308069020441482,0.1185692355904535,0.18457139219537927,0,0.14389199353399437,0
359,90025.34243142452,13209,287611,0.42581949775941896,0.04339771015262313,0.05972955214068832,0.14672535136494216,0,0.1713459893011795,0
360,32200.567425793102,7314,87180,0.916606850724689,0.16321372741906606,0.2207605920436124,0.22713885452035185,2,0.3355385115283445,0
361,67688.46135492221,24421,81017,0.8941217203289167,0.31852134680502164,0.34359685227527975,0.3607852728687286,1,0.5820539504187724,1
362,85717.18293200994,26392,259870,0.6127654116733747,0.1775726540881561,0.17105070725196841,0.30789625950416366,0,0.055047221186224495,0
363,57869.69173698123,29435,137212,0.6055436231001292,0.07203568342176367,0.1305776148925998,0.5086427647443258,0,0.017515114683234946,0
364,74408.9971922228,25714,287239,0.24752012032580972,0.09914573717879027,0.06205862957525348,0.34557648900404236,0,0.018990729483666202,0
365,45365.55116289014,11852,215334,0.3728651260964989,-0.109043875265326,-0.08165808146014601,0.2612555054703084,0,0.03427966246495049,0
366,25480.04254794539,12630,66375,0.8118034351984462,0.2873367946128021,0.3965478310524186,0.4956820608220857,2,0.43160150904091465,1
367,114794.48464834833,23700,122894,0.24787709933167884,-0.038740539877455495,-0.12132232028688138,0.20645591182015902,0,0.18451448098116002,0
368,128123.22380210765,25758,123143,0.6006760291351243,-0.0413289294110584,0.15733121620374127,0.20104083581119098,0,0.08210096426967131,0
369,81404.08012463366,25338,115453,0.6710789585149965,0.05480321290870131,-0.006829380848282377,0.311262039460507,0,0.17757186994711055,0
370,93186.9438518338,19126,161198,0.40742342515079744,0.12191528497135563,-0.15331982144248169,0.20524334428662158,0,0.1465446830826613,0
371,129926.57412341182,9414,133030,0.6526609141880448,0.05169925185991803,-0.002761349867664692,0.07245630898462724,0,0.01660775156203729,0
372,80310.52657290026,21059,136269,0.570151529949542,-0.009382584816697329,0.05482870128700028,0.2622196727957464,0,0.06255214548436319,0
373,93442.80909488829,17175,238213,0.8539315133612931,0.24853449442518702,0.4794539340714652,0.1838022654323172,1,0.4616942623350362,1
374,61907.23472900014,26711,186169,0.5560039805990813,-0.11528527789884425,-0.14492008094698053,0.43146814935165184,0,0.07699174452751144,0
375,56933.91206561607,6389,161375,0.7825769218892196,0.27363951694362015,0.431692811607693,0.1122178288510494,1,0.5620174373727658,1
376,19467.872819664983,12972,100385,0.9245309586782197,0.43525887147837805,0.26911652002769143,0.6663285773521522,2,0.4138384141780394,1
377,71057.5934452119,7329,157631,0.725438632125254,0.37878627538535703,0.47363493704478055,0.10314168612607093,2,0.3457974493622351,1
378,50823.49885921847,23033,253959,0.3050879176169617,0.06539615798711965,0.10831892277626053,0.453195874290387,0,0.09953759190955443,0
379,70229.09654304605,20929,120283,0.6516505636943797,-0.05796598659379397,-0.12874888610482066,0.2980103835903945,0,0.134455765894816,0
380,60956.628565968625,11398,122788,0.5199781925572852,-0.011728974333874752,0.017055397803291815,0.18698540697120133,0,0.17205065727994087,0
381,91693.2804768099,7169,260171,0.25549740696090534,0.036374577716890205,-0.09173810789019694,0.07818457320668233,0,0.035424291520483896,0
382,88942.02968221469,28949,66116,0.6166888122158318,0.11710705901926391,0.05190859464096231,0.3254816660181164,0,0.06960539263774386,0
383,38944.57411183034,29756,111596,0.4690685338554424,-0.019858074557860022,-0.14097995423264748,0.7640602235000666,0,0.09376379160304826,0
384,92629.84764640765,17938,180842,0.24481588665230897,-0.07375831834615737,0.0955741242612485,0.19365248303628907,0,0.19184708706476442,0
385,147378.73582020204,13562,105048,0.4242426140013169,-0.0516608374703422,0.06599820714604256,0.0920214162818255,0,0.19612964391280993,0
386,110632.12141735888,19882,198182,0.6312170650705784,0.10005947006937974,-0.07132363499126254,0.17971272488751525,0,0.19229993584742947,0
387,86257.68724019043,16244,144594,0.5474103649358604,0.04355640175759299,0.0564789344118553,0.18831944745709994,0,0.08830945777596609,0
388,62223.38716472775,14271,282974,0.5385531830981392,-0.03411733180144338,-0.06421489150385326,0.2293510631656794,0,0.10451456405236191,0
389,33353.56331386747,7036,85814,0.21113622753361194,-0.0015279376715238086,0.02465337510940451,0.2109519733705523,0,0.17382432285620694,0
390,113918.2406503935,29398,133038,0.5969216464339306,0.07583975354339091,0.06278565581770065,0.2580622719606445,0,0.13227207873226116,0
391,33002.33747696075,15265,190777,0.7995137101697344,0.30887719631468513,0.16208426546952961,0.4625429944365803,2,0.544756576723707,1
392,54669.86799605353,7989,73446,0.9249773858386678,0.34497316195318345,0.3204234760051711,0.14613168629887133,1,0.3606249495023771,1
393,34217.704592671216,25815,129400,0.8282693045920124,0.30496779565208815,0.4904667767848004,0.7544340074035557,1,0.3929045874938854,1
394,88524.66758177248,14474,263605,0.5153180952648252,0.01950665403130698,-0.08398977052077605,0.16350244960400445,0,0.015903942659299754,0
395,36229.9820667357,5329,255459,0.3417305746320396,-0.1234350833420821,0.1184599752282229,0.14708812138476832,0,0.1373511440563818,0
396,138742.3080853004,17521,299109,0.24556866954485362,0.004492039617238425,0.01114266483944304,0.12628447833827214,0,0.14372074813803912,0
397,130212.60373518387,7196,282842,0.2851836253907656,-0.09820948214620794,0.033167923405749956,0.05526346754139605,0,0.09994113466693107,0
398,56761.252881306624,16419,158368,0.6814352470009049,0.03281427789274814,-0.09047292079568602,0.28926422808766655,0,0.11789416061864938,0
399,81061.24433081537,5976,239787,0.6445596778637214,0.047872563981659635,-0.13397628245143126,0.07372203633602782,0,0.16904511163214797,0
400,80221.94435926498,21427,214348,0.5716664567828282,-0.024328369537967114,-0.009468645347250096,0.26709649299998994,0,0.05041397737003431,0
401,33928.472155779215,6811,291479,0.9080236840207787,0.3284031815482171,0.48066767109395625,0.20074585052719052,2,0.5563852389455506,1
402,112188.24678573817,16877,271815,0.7696419883014148,0.18838458199234098,0.4299487581370665,0.15043465321489874,2,0.4016909778518464,0
403,94043.48524508117,6245,222083,0.4418045033758331,-0.04443465856613928,0.18643418643722154,0.0664054504543858,0,0.031566145236224606,0
404,75548.10814039696,24154,155703,0.5546571474017417,-0.010551166900335477,0.08444272426139833,0.3197168081974036,0,0.11723647081766829,0
405,41420.54128823581,17294,165871,0.6717826085784884,-0.02780806752332822,-0.2964255893104768,0.41752230806582463,0,0.008376078767755103,0
406,103876.51354002884,21756,287159,0.25238126822572005,0.027428674180206523,0.07604952057448316,0.20944099160217117,0,0.09084556476137384,0
407,154972.93222745077,11905,284265,0.6574649683146412,-0.04864163457619795,0.017057355057678993,0.07681986672696663,0,0.033912703714221816,0
408,43892.851883603595,27124,234681,0.859500808804062,0.2454230717084344,0.37904209248853377,0.6179593905615487,2,0.3334746939399724,1
409,72805.79202564438,13473,147841,0.49680527222320714,0.08272721333001094,0.04776642824078369,0.1850539582792315,0,0.03283699281127175,0
410,113611.23079511507,24069,94859,0.30756029852302047,0.009464816046374131,-0.15949552520091093,0.2118540555502449,0,0.16507559557379436,0
411,96821.44938745102,19841,285603,0.8329001872544733,0.18878062392897957,0.3934318435398358,0.20492360035431964,2,0.4714018585359231,0
412,62779.522057110094,27870,271104,0.3867598321158706,0.08837972813051422,-0.04544123829536265,0.4439345679415472,0,0.14038944002396134,0
413,57737.41123736404,8679,276097,0.7295885253316469,0.2195441341490266,0.26924827371207694,0.150318481795448,1,0.3859981743861069,1
414,65334.420387444385,8216,203144,0.7870576599268422,0.31313272466487246,0.16169426424575695,0.1257530096888853,2,0.37327011010922356,1
415,104414.94876676363,16580,252259,0.6198823620193015,-0.07574841519149196,0.01654559258295479,0.15878952387397605,0,0.1994340502851449,0
416,61153.054767800575,13272,298564,0.4572634682911202,-0.08890944615711473,-0.10184496525656588,0.21702922364866417,0,0.021377059097812113,0
417,124490.19604766568,21191,134631,0.22068719123362995,0.09263938924139618,-0.06482579633718495,0.1702222397648586,0,0.07577741806652105,0
418,104592.60651053525,15897,153700,0.6013828357310189,0.09793692369090452,0.04292910809391737,0.15198971065319758,0,0.04778093913351531,0
419,87492.429673104,7368,258794,0.4933657636948759,0.06968964604262638,0.06255328910954185,0.08421300022789278,0,0.1591826284840313,0
420,83149.67627259046,14457,153727,0.5204270682077999,0.08063634265751014,-0.01556602200222653,0.17386718322997993,0,0.06207961905916897,0
421,91881.80525604515,29233,103806,0.585321263507381,0.045871860857255045,-0.19686421411880342,0.3181587466477938,0,0.12436491291808316,0
422,51775.4645359293,29578,176372,0.8426403511561515,0.34260458611875017,0.3791706001776307,0.571274449492858,1,0.5630527595645274,1
423,110057.95989432072,24853,164679,0.5949428689759213,0.004896975809929425,0.1228016488052912,0.22581737862362902,0,0.12690698667322153,0
424,142043.2959495348,19690,89107,0.36736766328963955,-0.055450040671768105,-0.0034990032055084363,0.1386197065364878,0,0.13909769183553009,0
425,134117.71885044847,11702,124965,0.2845288745668529,0.06773615806546501,-0.0498060129492815,0.08725170768113516,0,0.1549716804363912,0
426,60098.925123632165,23803,129062,0.5597351156566905,-0.05252209772339626,-0.16510310564832395,0.39606365589790155,0,0.067233067715916,0
427,34591.044418084675,20919,266311,0.4705807795503292,-0.07853369855231639,0.16372267792993053,0.6047519047751926,0,0.017697379139802804,0
428,62749.98462672871,12715,238564,0.9211687462383374,0.37655715558260133,0.4759966295191455,0.2026295317144026,2,0.596755672459435,1
429,126917.27626081959,6242,272325,0.5808713532347579,-0.11039561174535624,0.031892689754243427,0.049181641648001206,0,0.011659440772471408,0
430,66072.84279808927,18786,144819,0.4096246246594829,-0.0350385109311394,-0.032345129923681194,0.28432256286304763,0,0.03879879124467944,0
431,34953.57102771933,24310,100241,0.4900192439504612,0.07906068677706737,0.07547435833848712,0.695494030659167,0,0.1439389142921675,0
432,40889.13844000722,28130,220231,0.22632105631358057,-0.05250723461676999,0.019299370536429033,0.6879577578107325,0,0.01186177896021936,0
433,147778.14618589202,14692,203868,0.6997481752093608,-0.12452740099548815,0.045738526346286855,0.09941930102113167,0,0.052613942766708235,0
434,20394.4725445913,27308,164515,0.7950487494937943,0.34336717196821276,0.27981050410886443,1.3389902553396607,1,0.3914638072173621,1
435,38534.12116800848,5497,242233,0.6590965792308514,0.018104654739954488,-0.2478052440414062,0.14265279272967252,0,0.16303604639397784,0
436,32419.87796559246,11406,61826,0.718527187325097,0.3472108659259309,0.238178123781571,0.35182118859624645,2,0.36442053753646897,1
437,21859.93845231998,13785,195973,0.8226618748351817,0.43278538989161397,0.4587391190761754,0.6306056181295885,1,0.5817326094930722,1
438,88553.46084661027,19325,216964,0.7245013537177354,0.27872735419449235,0.46509954137553333,0.2182297542664561,1,0.5838793479009246,1
439,136885.41268928605,28473,254573,0.2511972313965883,-0.098484506652553,-0.002853892485706925,0.20800609386063945,0,0.01230114729172771,0
440,34743.52822072366,13875,149599,0.876965525863551,0.2972430831251849,0.3699390580240694,0.39935495070773797,1,0.41264958660621603,1
441,93140.16569710127,28188,208525,0.6859622753511676,0.009874443301207835,0.13219620809749924,0.30264064691133863,0,0.17005347886718483,0
442,65933.55179386644,13253,104333,0.6004047473384162,0.03941899578899313,-0.062055695043683315,0.20100540073184528,0,0.18365163358826128,0
443,57251.854497115186,16218,121591,0.6608946165542631,0.04704055822579074,0.042784607460399145,0.2832746666890449,0,0.07467571190736802,0
444,136589.9549849271,28545,161688,0.43824469867691307,-0.12206383736198327,-0.11600250608259324,0.2089831569470096,0,0.0651414670173998,0
445,107978.25046321999,6667,209224,0.3075023841350143,0.03596486104413329,-0.19597868751246528,0.06174391575524686,0,0.1431271101115525,0
446,50735.38010217264,25378,212812,0.585044515627041,0.08388415646973837,0.048104743790203366,0.50020321024289,0,0.09246569949185653,0
447,54981.32911817102,22156,107287,0.5841033839037453,0.004980539622804428,-0.1524450787495318,0.4029731611685896,0,0.08503787671473167,0
448,33792.196135239654,26675,219694,0.9465069820491074,0.17687105014872734,0.3167539378924321,0.7893834391006745,1,0.44305133245742145,0
449,49086.713628828096,16370,298097,0.49228823637575353,-0.015839046727630292,0.004860456711078738,0.3334914641828064,0,0.007623649037698322,0
450,132939.6429940225,8667,175093,0.21603134815340252,-0.06849043099609509,0.013638621227324703,0.06519499981198011,0,0.016640363301787,0
451,32363.624295378442,25644,128038,0.6477063555971094,-0.15983559664309205,-0.15025405574011763,0.7923710819885519,0,0.03251341373269572,0
452,42811.10599427599,14493,123588,0.6747933837822925,-0.07928932980352506,-0.02249452219929842,0.3385336506358366,0,0.17387056958455918,0
453,48792.0707005443,5455,190926,0.22908387936046237,-0.03173059122661575,-0.003762919883602718,0.11180095293514869,0,0.07444905903721429,0
454,123522.17963582827,25673,267245,0.539909062609985,0.09415940647997352,0.11709499376308329,0.20784121585038326,0,0.16618449816437011,0
455,31972.04217750818,11652,219123,0.5070453689878508,-0.03526874626415855,-0.17269226969621584,0.36444340762808686,0,0.1063821393762605,0
456,128828.29177239513,19863,98795,0.2994586797576334,0.061246324575738434,0.023540048123412698,0.15418197141892223,0,0.01594771148589227,0
457,98072.68436790495,13503,116612,0.44213309905486275,0.1374134359302401,-0.07802105667618438,0.1376835974973982,0,0.10999579727677285,0
458,49398.17818299193,21283,283076,0.6765835883855836,-0.018225542894377743,-0.024179092836533238,0.43084584862945124,0,0.12164265447591505,0
459,30675.537297465256,10613,266622,0.22698488071369588,-0.08025384561634388,-0.029965503586492186,0.3459760100396664,0,0.15259387774180466,0
460,111368.63789684651,17752,112919,0.6468243245452403,-0.11278084228092856,-0.16749924436225427,0.15939855542134326,0,0.05830338563023847,0
461,45957.165219996416,7853,134156,0.4238119363327625,0.046618086796960986,-0.2104139268043421,0.17087650995024997,0,0.15503815385878117,0
462,41991.874621246214,25434,74464,0.8392380229160438,0.24842182450682482,0.3361607528314384,0.6056886059364306,1,0.5156977426194183,1
463,96248.26366129504,25621,229893,0.7528212593924843,0.2857611963543952,0.27751325891940853,0.2661970099550289,2,0.3667810909623713,1
464,32018.80607220096,5022,51128,0.25378069588521707,0.01916272171167117,0.10146179126414165,0.15684532360999398,0,0.0880255393092653,0
465,93257.57544015833,6507,296763,0.469386293057558,0.04438624197930798,0.14228827610386455,0.0697744925201859,0,0.05153140459823102,0
466,41630.97920283041,28074,190688,0.8355343773265416,0.39983585558786305,0.5271592315753856,0.6743535832587696,1,0.428232576256968,1
467,114713.14401551998,23213,283127,0.7585486064042032,0.09976857600099487,0.3471312261401407,0.20235693301945787,1,0.479378828045949,0
468,61522.57030495679,22779,207234,0.6375610286757251,-0.05078356702971515,-0.042653297336165026,0.370254361725923,0,0.17359288933643166,0
469,103810.21884098269,23433,64568,0.4549662477038242,0.13162944809387606,-0.005946844456430002,0.22572922262975723,0,0.025952446699252875,0
470,35341.49969786255,17196,250858,0.6065716951496682,-0.19457477162093942,-0.037096935833898045,0.48656678825205635,0,0.12231530909588023,0
471,77573.66941256354,9537,92628,0.27184580363086697,-0.052846428934682395,0.1118111784781885,0.12294119992286227,0,0.10447465279336021,0
472,83881.79731106276,12434,80028,0.7973420025953502,0.1308732208341069,0.3086947919422023,0.14823239842954747,2,0.45963334015110113,0
473,24351.13658178315,27560,108390,0.7355154023607655,0.42872360243267665,0.5092568220344754,1.1317746877005064,2,0.5488567245865124,1
474,38267.10380412185,12511,212893,0.3831265029992371,-0.014050435122450496,-0.03178486172552195,0.326938773941194,0,0.12030970127594123,0
475,107896.21606643272,10012,200619,0.9170809909125919,0.19731796033620644,0.49750350184196673,0.09279287416192164,2,0.37379778002137626,0
476,62700.03036699158,11004,219361,0.4839204802758606,0.12163709066632428,0.038414825724992205,0.175502307344863,0,0.008394100681213401,0
477,79791.64016431342,21040,119806,0.5904724094752436,0.09543629950400229,0.03707565428313327,0.263686771655185,0,0.1680899163277611,0
478,34488.47821163408,20402,246355,0.37182365422269925,-0.009808989702985367,-0.16208915140458852,0.5915598790647059,0,0.030803265074873257,0
479,76867.80714915531,10062,188138,0.8996239909009782,0.34311474112075485,0.4654721987523269,0.13090005261208457,2,0.4308124748738851,1
480,68101.73747547493,11318,214141,0.6179547911029774,-0.012035972225211928,-0.0921589869319978,0.16619252928863795,0,0.16291075740399938,0
481,41378.52188177519,7713,276577,0.8390143337978653,0.19091011391527699,0.48284748855695814,0.18640105178327127,1,0.5095441403444662,0
482,109741.69853782254,24622,194608,0.4139202853135264,0.024104019912931388,-0.12786014464982481,0.22436321223435424,0,0.06612659097190841,0
483,96573.58111475225,8217,187656,0.3890973415405401,0.11833113373972932,0.04543375306251125,0.08508538158315017,0,0.14200586953504582,0
484,50070.73335945323,20195,206894,0.34356591859357166,-0.020958104280302425,-0.0822838460871197,0.4033294230987578,0,0.036745668068287475,0
485,40269.493927985226,15310,200023,0.296850146392851,0.10040509197337952,0.10203583973810866,0.38018853744174663,0,0.04167673580176508,0
486,74650.18311075085,5704,55452,0.8634007381338066,0.33787946480939,0.43674357387558294,0.07640972549976947,2,0.5143044826206614,1
487,58843.83174108839,26815,174077,0.3072291146620808,-0.11876732678122251,-0.06856895989819892,0.4556977206716488,0,0.014831821154806147,0
488,50233.1025598203,26323,157154,0.22398377928973795,0.03225786577332095,-0.21404261536961564,0.52401700589075,0,0.17640963720153974,0
489,79970.4337168319,29175,116252,0.80986205582323,0.5037466829424199,0.46427054721848154,0.3648223305041216,2,0.41631199893932624,1
490,138609.08402452565,11768,231676,0.5639170812896858,-0.04295789172204529,-0.12934726856918263,0.08490064040765002,0,0.01878199296620602,0
491,76684.65569384534,17718,203574,0.21250757594542707,0.0909321717647056,-0.04905028259788149,0.2310501343415699,0,0.12077559792481758,0
492,78724.89504363583,10930,127169,0.7712178017088691,0.3330889440003294,0.4882063247940159,0.13883791136135135,1,0.49396052963421977,1
493,47566.440923562506,11012,203325,0.5970813544188047,-0.048153030811743165,0.1898782130072123,0.23150775601848944,0,0.040493508419150004,0
494,98391.98258058968,27940,254418,0.32621559705102,-0.044408589245291036,-0.0892359937853287,0.2839662263855213,0,0.0037116673047051132,0
495,125959.84561199903,25080,128229,0.5332350980268525,-0.017744334668454893,-0.2022098615159275,0.1991110728831416,0,0.026944089018132722,0
496,30715.310322312933,13131,75107,0.9171570426275902,0.21742931041135283,0.2455767615819245,0.42750666889603495,1,0.46501162229958115,1
497,144186.77782997972,27278,283265,0.6847632616620034,0.01589325335874436,0.04096050191592755,0.1891851694762561,0,0.007736991651438308,0
498,135188.05581563132,12245,291207,0.4964942443912549,-0.01772102209532328,0.008828198572714102,0.09057752865903819,0,0.15118358292502754,0
499,37836.074040134896,15051,105008,0.664712872513257,0.016656859416485037,0.17552960441959237,0.39779497164622685,0,0.030723710700870235,0
500,96592.91079124862,24980,109021,0.7140200423159176,0.2830325109351393,0.36258365275846505,0.2586111112645257,2,0.3594312582723262,1
